{"cameraMode":{"drawMode":0,"name":"Shaded","section":"Shading Mode"},"sceneLighting":true,"audioPlay":false,"sceneViewState":{"showFog":true,"showMaterialUpdate":false,"showSkybox":true,"showFlares":true,"showImageEffects":true,"showParticleSystems":true},"in2DMode":false,"pivot":{"x":-4.711606979370117,"y":0.8559293150901794,"z":-0.29114192724227908},"rotation":{"x":-0.016336334869265558,"y":0.747413158416748,"z":0.018391363322734834,"w":0.6639043688774109},"size":0.6809815168380737,"orthographic":false}